,name,difficulty_code,district,difficulty,polyline
0,P1 14th Ave Greenway,u,Untitled layer,#808080,"[(47.575125, -122.314742), (47.575261, -122.314661), (47.575534, -122.31468800000002), (47.575693, -122.314699), (47.575905, -122.314691), (47.576003, -122.314669), (47.576081, -122.31468000000001), (47.576175, -122.31468600000001), (47.576669, -122.31468600000001), (47.576797, -122.31468800000002), (47.576882, -122.314672), (47.577, -122.314672), (47.577749, -122.31467499999998), (47.57855, -122.31467499999998), (47.578751, -122.314659), (47.578997, -122.314661), (47.579328, -122.31465600000001), (47.579484, -122.314702), (47.581029, -122.314702), (47.581845, -122.31469400000002)]"
1,P1 17th Greenway,u,Untitled layer,#808080,"[(47.57513, -122.31074), (47.577655, -122.310791)]"
2,P1 Forest Greenway,u,Untitled layer,#808080,"[(47.57775, -122.31466), (47.57774, -122.31073), (47.57785, -122.31063), (47.57787, -122.31037), (47.57784, -122.30541), (47.575085, -122.305362), (47.575078000000005, -122.30444), (47.575071, -122.303485)]"
3,P1 Hanford Greenway,u,Untitled layer,#808080,"[(47.57507, -122.31034), (47.57512200000001, -122.312508), (47.575129, -122.31467499999998)]"
4,Funded Greenway,u,Untitled layer,#808080,"[(47.56718, -122.31469), (47.56529, -122.31473), (47.5653, -122.31604000000002), (47.56167, -122.31607000000001), (47.561672, -122.31689599999999), (47.560926, -122.31714199999999), (47.56018, -122.31715999999999), (47.55353, -122.31718)]"
5,Funded Greenway,u,Untitled layer,#808080,"[(47.57187, -122.31034), (47.57479, -122.31022), (47.57499000000001, -122.31035000000001), (47.57509, -122.31035000000001), (47.57508, -122.30845000000001), (47.57649, -122.30893000000002), (47.577, -122.30923000000001), (47.57703, -122.30933), (47.57958, -122.30934), (47.57958, -122.30981000000001), (47.58099, -122.30979), (47.58101, -122.30949), (47.589281, -122.309466), (47.58958, -122.30944999999998)]"
6,21st Ave Greenway,u,Untitled layer,#808080,"[(47.589420000000004, -122.30734), (47.58713, -122.30735), (47.58696, -122.30719), (47.5869, -122.30687000000002), (47.58551, -122.30684), (47.5855, -122.30553), (47.58374, -122.30559), (47.58095, -122.30554999999998), (47.57939, -122.3054), (47.577908, -122.305416)]"
7,Beacon Ave Centerpath,u,Untitled layer,#808080,"[(47.561124, -122.304955), (47.55978, -122.30461000000001), (47.55564, -122.30327999999999), (47.55263, -122.30246000000001), (47.54901, -122.30126), (47.54125, -122.29894), (47.54044, -122.2983), (47.53829, -122.29521), (47.536260000000006, -122.29202999999998), (47.53499, -122.2904), (47.53377, -122.28915999999998), (47.53172, -122.28829999999999), (47.53076, -122.28803999999998), (47.52586000000001, -122.28778), (47.52524, -122.28759), (47.5247, -122.28718000000002), (47.52196, -122.28399)]"
8,Cycletrack,u,Untitled layer,#808080,"[(47.567217, -122.31468600000001), (47.567224, -122.312722), (47.567217, -122.312733)]"
9,Multi-use Trail,u,Untitled layer,#808080,"[(47.56721, -122.312679), (47.57148000000001, -122.31271000000001)]"
10,Multi-use Trail,u,Untitled layer,#808080,"[(47.571857, -122.31034), (47.57182, -122.31138000000001), (47.57167, -122.31208000000001), (47.571492, -122.31269)]"
11,Cycletrack,u,Untitled layer,#808080,"[(47.586194, -122.314696), (47.58191, -122.314696)]"
12,Multi-use trail,u,Untitled layer,#808080,"[(47.564799, -122.30641399999999), (47.564843, -122.31083399999999)]"
13,Jefferson Park Multi-use trail,u,Untitled layer,#808080,"[(47.571815, -122.31031399999999), (47.571781, -122.309941), (47.571787, -122.309557), (47.571824, -122.309115), (47.571841, -122.30842800000002), (47.569509, -122.30778999999998), (47.567265, -122.307082), (47.564667, -122.30629600000002), (47.563277, -122.30585800000001), (47.562025, -122.305437), (47.561886, -122.305389), (47.561095, -122.305215), (47.561128, -122.30496)]"
14,21st Ave Greenway extension,u,Untitled layer,#808080,"[(47.575006, -122.30538400000002), (47.573609, -122.304955), (47.571966, -122.304461)]"
15,P1 Melrose Promenade,u,Untitled layer,#808080,"[(47.62785, -122.32762), (47.62712, -122.32778), (47.62687, -122.32776), (47.62657, -122.32785), (47.62647, -122.32796), (47.62152, -122.32788), (47.613946, -122.327871)]"
16,P1 Central Ridge Greenway,u,Untitled layer,#808080,"[(47.59115, -122.30358000000001), (47.59138, -122.30367000000001), (47.59152, -122.30354), (47.59195, -122.30347), (47.59204, -122.30356), (47.59208, -122.30369000000002), (47.59207, -122.30396), (47.59209, -122.30411), (47.59213, -122.30415999999998), (47.59245000000001, -122.30426), (47.59266, -122.30414999999999), (47.59301, -122.30417), (47.5932, -122.30435), (47.59361, -122.30441), (47.59393, -122.30433), (47.59415, -122.30436000000002), (47.59432, -122.30445000000002), (47.59455, -122.30471), (47.59664, -122.30474), (47.596610000000005, -122.30628), (47.60264, -122.30639), (47.60264, -122.307653), (47.6092, -122.30761), (47.60919, -122.30893000000002), (47.61154, -122.30886), (47.61411, -122.30890000000001), (47.61411, -122.31012), (47.61643, -122.31013999999999), (47.61647, -122.31145000000001), (47.62869, -122.31122000000002), (47.62872, -122.31252000000002)]"
17,P1 Denny/Republican Link,u,Untitled layer,#808080,"[(47.61876, -122.32078), (47.61879, -122.31365000000001), (47.61853, -122.31332), (47.618527, -122.31141300000002), (47.623253, -122.31131700000002), (47.62319, -122.30357)]"
18,Columbia Street Pollinator Greenway,u,Untitled layer,#808080,"[(47.60682, -122.32877000000002), (47.60908, -122.32334), (47.61004, -122.32112999999998), (47.60975, -122.32066000000002), (47.60923, -122.320662), (47.60918, -122.30691), (47.60914, -122.30631), (47.60901, -122.30626), (47.60898, -122.29368), (47.60928, -122.29369000000001), (47.60924, -122.28772)]"
19,Madrona Neighborhood Greenway,u,Untitled layer,#808080,"[(47.617649, -122.29019199999999), (47.616983, -122.290235), (47.60934, -122.29044), (47.60936, -122.29379), (47.60905, -122.29381000000001), (47.60907, -122.29491), (47.60024, -122.29497), (47.60024, -122.29377), (47.59578, -122.29388), (47.59578, -122.29337), (47.59566, -122.29329000000001), (47.59329, -122.29335000000002)]"
20,Federal/North Capitol Hill Greenway,u,Untitled layer,#808080,"[(47.618763, -122.32078999999999), (47.618763, -122.319524), (47.621048, -122.319524), (47.621163, -122.318881), (47.625097, -122.31884099999999), (47.625256, -122.318906), (47.62543, -122.31912000000001), (47.626008, -122.319163), (47.632805, -122.31914199999999), (47.634367, -122.319056), (47.63828500000001, -122.31901299999998), (47.641379, -122.31901299999998)]"
21,Denny Extension Neighborhood Greenway,u,Untitled layer,#808080,"[(47.618488000000006, -122.311435), (47.61849, -122.30477)]"
22,Madison Valley Neighborhood Greenway,u,Untitled layer,#808080,"[(47.60899, -122.29753000000001), (47.617591, -122.297423), (47.617721, -122.297251), (47.622118, -122.297208), (47.62255, -122.29658000000002)]"
23,Rebublican Neighborhood Greenway (Ground Testing),u,Untitled layer,#808080,"[(47.62314, -122.32716000000002), (47.623116, -122.312658), (47.623275, -122.31261499999998), (47.623261, -122.311327)]"
24,18th Ave E Greenway,u,Untitled layer,#808080,"[(47.616434, -122.31009400000002), (47.61643, -122.30882), (47.62573, -122.30865), (47.63235000000001, -122.30860000000001), (47.63234, -122.30726999999999)]"
25,Existing pedestrian route,u,Untitled layer,#808080,"[(47.5702, -122.362789), (47.570171, -122.362264), (47.57079, -122.362231), (47.570967, -122.36228), (47.571756, -122.36230100000002), (47.571752, -122.36228999999999), (47.571749, -122.36228)]"
26,Existing Pedestrian access,u,Untitled layer,#808080,"[(47.546423, -122.363819), (47.546506, -122.36452700000001), (47.546495, -122.36556800000001), (47.546473, -122.36783199999999), (47.546365, -122.368572)]"
27,Existing Pedestrian route,u,Untitled layer,#808080,"[(47.56839, -122.386794), (47.568375, -122.380035), (47.568332, -122.37617300000001), (47.56805700000001, -122.376151), (47.567782, -122.37355500000001), (47.56791, -122.37306000000001), (47.56834, -122.3728), (47.56773, -122.37162), (47.56763, -122.37076), (47.56763, -122.36543000000002)]"
28,Low Stress,u,Untitled layer,#808080,"[(47.589581, -122.38160799999999), (47.5855, -122.37568600000002), (47.582142000000005, -122.37294), (47.58, -122.372382), (47.578871, -122.37242500000002), (47.576294000000004, -122.37113700000002), (47.571807, -122.370536), (47.571835, -122.362168), (47.572125, -122.36028), (47.571314, -122.35959300000002), (47.570764, -122.356331), (47.570851, -122.350624), (47.571256, -122.350581), (47.57143, -122.344487), (47.572183, -122.33989499999998), (47.5866, -122.339938), (47.588278, -122.33847900000002)]"
29,Existing Ped. Stairway,u,Untitled layer,#808080,"[(47.539144, -122.36084200000002), (47.539166, -122.35952799999998)]"
30,Existing Stairway,u,Untitled layer,#808080,"[(47.564705, -122.36336400000002), (47.56477, -122.362946), (47.564785, -122.36016699999999)]"
31,21st Greenway: In Progress,u,Untitled layer,#808080,"[(47.570981, -122.360812), (47.570547, -122.36107), (47.568332, -122.361177), (47.56836100000001, -122.360147), (47.56477, -122.360169), (47.56325, -122.36053300000002), (47.560948, -122.360169), (47.556922, -122.360104), (47.55336, -122.359976), (47.548711, -122.35980400000001), (47.543439, -122.359568), (47.53918, -122.359589), (47.539108, -122.35495400000002), (47.53318300000001, -122.35506200000002), (47.527938, -122.35506200000002), (47.522084, -122.35512600000001), (47.517389, -122.355148)]"
32,Future Route: Highland Park Greenway,u,Untitled layer,#808080,"[(47.52438, -122.34522999999999), (47.52591, -122.34522999999999), (47.52602, -122.34546000000002), (47.52645, -122.34549), (47.52646, -122.34802), (47.52636, -122.34827), (47.52651000000001, -122.34836), (47.52654, -122.34925000000001), (47.52735, -122.34962), (47.52743, -122.3498), (47.5281, -122.34981), (47.52831, -122.34928999999998), (47.534153, -122.34926500000002), (47.535428, -122.34928599999999), (47.5356, -122.34878), (47.53723, -122.34876), (47.53757, -122.34902), (47.53897, -122.34902)]"
33,Future Route: Highland Park Greenway,u,Untitled layer,#808080,"[(47.538977, -122.34900700000001), (47.539361, -122.349544), (47.540013, -122.349544), (47.54044, -122.34988700000001)]"
34,Future Route: Highland Park Greenway,u,Untitled layer,#808080,"[(47.540433, -122.34988700000001), (47.540694, -122.349962), (47.540940000000006, -122.350091), (47.5411, -122.35008), (47.54136, -122.350209), (47.54232400000001, -122.350187), (47.542751, -122.35024100000001), (47.542809, -122.35239700000001), (47.542881, -122.352569), (47.544764, -122.35250500000001)]"
35,Future Route: Highland Park Greenway,u,Untitled layer,#808080,"[(47.544742, -122.352473), (47.544771, -122.351582), (47.544706, -122.35132499999999), (47.544887, -122.35114200000001), (47.545039, -122.350531), (47.545191, -122.350488), (47.545785, -122.35029499999999), (47.549399, -122.350187), (47.5516, -122.35185000000001), (47.552781, -122.351925), (47.553403, -122.35259100000002), (47.553707, -122.353277), (47.553707, -122.354779), (47.555967, -122.35484399999999), (47.556111, -122.354865)]"
36,future route: Highland Park greenway,u,Untitled layer,#808080,"[(47.556082, -122.354908), (47.556111, -122.35508000000002), (47.555793, -122.355938), (47.555706, -122.358341), (47.557212, -122.359929)]"
37,Future Route: Highland Park Greenway,u,Untitled layer,#808080,"[(47.524359, -122.345295), (47.51723, -122.345424)]"
38,"Brandon ""green superhighway""",u,Untitled layer,#808080,"[(47.553838, -122.380335), (47.553707, -122.35770500000001), (47.553765, -122.35513)]"
39,Existing Ped. Stairway,u,Untitled layer,#808080,"[(47.546428, -122.361099), (47.546587, -122.36039100000002), (47.546561, -122.359694)]"
40,Line 23,u,Untitled layer,#808080,"[(47.569896, -122.362039), (47.56836100000001, -122.363327), (47.568303, -122.36530100000002), (47.560629, -122.36542900000002), (47.546611, -122.365558), (47.545452, -122.365558), (47.545423, -122.364743), (47.545047, -122.364056), (47.544467, -122.364485), (47.541512, -122.363369), (47.539629, -122.36285400000001), (47.539137, -122.36281199999999), (47.539137, -122.36088), (47.539137, -122.360837)]"
41,Rainier Avenue South,u,Untitled layer,#808080,"[(47.511201, -122.247663), (47.515983000000006, -122.254143), (47.517288, -122.25482900000002), (47.519374, -122.25744700000001), (47.520447000000004, -122.26040799999998), (47.519896, -122.26457100000002), (47.51983800000001, -122.269163), (47.52036, -122.27002100000001), (47.523113, -122.270064), (47.535776, -122.27002100000001), (47.539253, -122.27079399999998), (47.54496, -122.274485), (47.546263, -122.27645899999999), (47.550405, -122.277274), (47.552781, -122.278519), (47.554432, -122.281823), (47.558226000000005, -122.28525599999999), (47.561469, -122.287617), (47.564278, -122.28826), (47.568737, -122.289677), (47.569722, -122.290792), (47.570272, -122.291994), (47.595861, -122.31156299999999)]"
42,NW 77th St,u,Untitled layer,#808080,"[(47.685008, -122.39988999999998), (47.685008, -122.385128), (47.685066, -122.37345500000002), (47.685124, -122.36603), (47.684748, -122.36603), (47.684777000000004, -122.355341), (47.684863, -122.338872)]"
43,P1 - 6th Ave NW,u,Untitled layer,#808080,"[(47.690656, -122.36331900000002), (47.682567000000006, -122.36329800000001), (47.675993, -122.36344800000002), (47.67593500000001, -122.363985), (47.669448, -122.363985), (47.669462, -122.362847), (47.668682, -122.36291199999998), (47.668754, -122.363341), (47.665069, -122.363191), (47.665055, -122.363963), (47.658942, -122.36394199999998), (47.658971, -122.364993), (47.657757, -122.36495000000001)]"
44,NW 83rdSt,u,Untitled layer,#808080,"[(47.688345, -122.39572), (47.68872, -122.39582799999998), (47.688691, -122.392995), (47.689024, -122.39306), (47.689024, -122.38756700000002), (47.688691, -122.38756700000002), (47.688735, -122.36990700000001), (47.688778, -122.36829800000001), (47.68911, -122.36831899999999), (47.689139, -122.359607), (47.689139, -122.352548), (47.68911, -122.344565), (47.685774, -122.33797800000002)]"
45,NW 70th St,u,Untitled layer,#808080,"[(47.679489, -122.401092), (47.679518, -122.383245), (47.679121, -122.383245), (47.679071, -122.38095899999999), (47.679526, -122.381056), (47.679533000000006, -122.37117499999998), (47.679569, -122.36345)]"
46,17th AVE NW,u,Untitled layer,#808080,"[(47.694166, -122.37894400000002), (47.690584, -122.37898699999998), (47.680674, -122.37890500000002), (47.67246800000001, -122.37894800000001), (47.662353, -122.37894800000001)]"
47,28th Ave NW,u,Untitled layer,#808080,"[(47.690598, -122.39840600000001), (47.689804, -122.39739799999998), (47.688634, -122.396432), (47.686929, -122.39297700000002), (47.686062, -122.39302), (47.677958, -122.392956), (47.670965, -122.39293800000002)]"
48,34th AVE NW,u,Untitled layer,#808080,"[(47.684993000000006, -122.39997300000002), (47.684936, -122.40033700000001), (47.683202, -122.400402), (47.681830000000005, -122.400981), (47.677741, -122.40106699999998), (47.672728, -122.401092), (47.670445, -122.401092)]"
49,NW 58th St - FUNDED,u,Untitled layer,#808080,"[(47.672215, -122.405464), (47.672208, -122.405325), (47.672042, -122.40526), (47.672005, -122.405067), (47.670438, -122.403908), (47.670416, -122.399037), (47.670929, -122.398264), (47.670952, -122.398103), (47.670922, -122.389821), (47.670907, -122.38079000000002), (47.670893, -122.36976000000001), (47.670907, -122.36184200000001)]"
50,The Fremont Wiggle,u,Untitled layer,#808080,"[(47.650472, -122.35447400000001), (47.652333, -122.35447400000001), (47.654165, -122.354458), (47.654165, -122.355526), (47.654877, -122.35551000000001), (47.654866, -122.35904499999998), (47.655585, -122.359034), (47.655582, -122.35717300000002), (47.656355000000005, -122.357162), (47.656358, -122.357554), (47.657731, -122.357554), (47.657739, -122.355472), (47.658985, -122.35543500000001), (47.661428, -122.355425), (47.66241, -122.35540299999998)]"
51,Fremont Wiggle Alternative,u,Untitled layer,#808080,"[(47.652329, -122.354479), (47.652587000000004, -122.355565), (47.654234, -122.35553)]"
52,Forty-one-two-three,u,Untitled layer,#808080,"[(47.65923, -122.34229000000002), (47.6592, -122.34465000000002), (47.65775, -122.34457), (47.65775, -122.34603), (47.65668, -122.34598000000001), (47.65665, -122.34685999999999), (47.6566, -122.34688), (47.6566, -122.34770000000002), (47.65663, -122.34777000000001), (47.65665, -122.34858000000001), (47.65775, -122.34852999999998), (47.65772, -122.35257), (47.65777, -122.35283), (47.65778, -122.35545999999998), (47.65774, -122.35566000000001), (47.65773, -122.35753), (47.65636, -122.35753), (47.65634, -122.35899999999998), (47.65751, -122.35959), (47.65897, -122.35957), (47.65892, -122.36436), (47.659, -122.36621)]"
53,North-to-west connection,u,Untitled layer,#808080,"[(47.655582, -122.359029), (47.656348, -122.35901900000002)]"
54,E Queen Anne loop,u,Untitled layer,#808080,"[(47.63957, -122.36087), (47.63956, -122.35961), (47.64026, -122.35911000000002), (47.64133, -122.35817000000002), (47.64135, -122.35445000000001), (47.6399, -122.35299000000002), (47.63996, -122.35085), (47.64088, -122.3502), (47.64071, -122.34838), (47.6319, -122.34847), (47.63079, -122.34967000000002), (47.629667000000005, -122.35119599999999), (47.62887, -122.3531)]"
55,S Queen Anne loop,u,Untitled layer,#808080,"[(47.628857, -122.35304100000002), (47.62897300000001, -122.35458599999998), (47.62962400000001, -122.35587399999999), (47.629609, -122.36389899999999)]"
56,SW Queen Anne loop,u,Untitled layer,#808080,"[(47.62962000000001, -122.36394), (47.62963, -122.36647), (47.630723, -122.367461), (47.631981, -122.36784700000001), (47.63456000000001, -122.36766999999999), (47.634988, -122.366281)]"
57,West Queen Anne loop,u,Untitled layer,#808080,"[(47.63493, -122.3663), (47.63954300000001, -122.366281)]"
58,NW Queen Anne loop,u,Untitled layer,#808080,"[(47.63958, -122.36097), (47.64104, -122.36310000000002), (47.64307, -122.36362000000001), (47.64321, -122.36756), (47.644516, -122.367396), (47.645803, -122.36784700000001), (47.645830000000004, -122.36981999999999), (47.645528, -122.37009999999998), (47.64499, -122.37012000000001), (47.64331, -122.37022), (47.64086, -122.37003000000001), (47.6407, -122.36757999999999), (47.63958, -122.36755000000001), (47.63957, -122.3663)]"
59,Completed Greenway,u,Untitled layer,#808080,"[(47.660210000000006, -122.32513), (47.66018, -122.335), (47.65917, -122.33508), (47.65908000000001, -122.34083), (47.659188, -122.34347100000001)]"
60,P1 Tangletown connector,u,Untitled layer,#808080,"[(47.67203, -122.33736000000002), (47.670849, -122.33592900000001), (47.670452, -122.33418000000002), (47.665091, -122.33062899999999), (47.664253, -122.330135), (47.65193200000001, -122.33030700000002), (47.651975, -122.331465), (47.65053, -122.33133700000002)]"
61,John Stanford Greenway,u,Untitled layer,#808080,"[(47.65587800000001, -122.32453100000001), (47.657815, -122.32461700000002), (47.657699, -122.327921), (47.658017, -122.32886600000002), (47.657988, -122.33496), (47.659029, -122.335131)]"
62,northbound east of Aurora,u,Untitled layer,#808080,"[(47.665041, -122.34448), (47.654288, -122.344787), (47.653421, -122.34380000000002), (47.648853, -122.34405800000002)]"
63,existing ped bridge.,u,Untitled layer,#808080,"[(47.659173, -122.343732), (47.655401000000005, -122.34353899999999), (47.655401000000005, -122.34838800000001)]"
64,Low Stress cycletrack & I-5 crossing,u,Untitled layer,#808080,"[(47.660185, -122.324524), (47.660243, -122.322464), (47.661225, -122.32263600000002), (47.661225, -122.320404)]"
65,Densmore Greenway,u,Untitled layer,#808080,"[(47.658913, -122.33628300000001), (47.65793, -122.33611100000002), (47.657872000000005, -122.33757000000001), (47.646713, -122.33757000000001)]"
66,Aurora N 46th crossing,u,Untitled layer,#808080,"[(47.662266, -122.346153), (47.662324, -122.35044500000001), (47.662266, -122.350359)]"
67,McDonald School Greenway,u,Untitled layer,#808080,"[(47.668798, -122.33250600000001), (47.669433, -122.32984499999999), (47.669491, -122.328043), (47.67602200000001, -122.32821500000001), (47.675964, -122.32821500000001)]"
68,NE 50th crossing connector,u,Untitled layer,#808080,"[(47.662815, -122.32821500000001), (47.6659, -122.32821), (47.66804, -122.32958000000002), (47.66804, -122.32812), (47.6692, -122.32812)]"
69,46th St Greenway,u,Untitled layer,#808080,"[(47.66145, -122.32396000000001), (47.66322, -122.32399999999998), (47.66319, -122.32705000000001), (47.66246000000001, -122.32714000000001), (47.66264, -122.33379), (47.66206, -122.3337), (47.662179, -122.345424)]"
70,Wallingford Ave N section,u,Untitled layer,#808080,"[(47.671427, -122.336969), (47.671023, -122.337356), (47.668769, -122.33636900000002), (47.66215, -122.33636900000002)]"
71,P1 - Green Lake Cycle Track--Community Center Segment,u,Untitled layer,#808080,"[(47.678397, -122.329384), (47.678354, -122.328225), (47.678364, -122.32782), (47.678458, -122.327241), (47.67863, -122.32673), (47.67894, -122.32626000000002), (47.67922, -122.32601), (47.67968, -122.32581999999998), (47.68001, -122.32581999999998), (47.68052, -122.32603), (47.68086, -122.32636000000001), (47.68217, -122.32844000000001), (47.68235000000001, -122.32879), (47.68249, -122.32924), (47.682610000000004, -122.32984), (47.68264, -122.33035000000001)]"
72,P1 - Green Lake Cycle Track--North Segment,u,Untitled layer,#808080,"[(47.684743, -122.33928499999999), (47.684842, -122.339215), (47.684983, -122.33910499999999), (47.685049, -122.339049), (47.68512200000001, -122.33893600000002), (47.6853, -122.338566), (47.685441, -122.338362), (47.68547, -122.338314), (47.685514000000005, -122.33815000000001), (47.685573, -122.337914), (47.685613, -122.33765400000001), (47.685622, -122.337375), (47.685613, -122.337163), (47.685584, -122.33696400000001), (47.685542, -122.33674500000001), (47.685477, -122.336533), (47.685387, -122.33629700000002), (47.685282, -122.33608499999998), (47.685134, -122.33588900000001), (47.685004, -122.335741), (47.684863, -122.33560999999999), (47.684665, -122.335406), (47.68436, -122.335095), (47.684221, -122.33495), (47.683825, -122.33455599999999), (47.683616, -122.33434699999998), (47.683314, -122.334035), (47.683157, -122.333837), (47.683029, -122.333649), (47.682915, -122.33341299999998), (47.682841, -122.333258), (47.68274, -122.332987), (47.682688, -122.332818), (47.682628, -122.33256599999999), (47.68257, -122.332225), (47.682541, -122.331943), (47.682543, -122.331729), (47.682549, -122.33148499999999), (47.682574, -122.331219), (47.682610000000004, -122.33093800000002), (47.68263, -122.33073100000001), (47.682644, -122.330495), (47.682642, -122.33035000000001)]"
73,P1 - Green Lake Elementary to McDonald International School and Wallingford,u,Untitled layer,#808080,"[(47.678388, -122.32938500000002), (47.677557, -122.329465), (47.67596, -122.32959000000001), (47.67591, -122.32817000000001), (47.66936, -122.32819000000002), (47.6679, -122.32823999999998), (47.6679, -122.32952), (47.66723, -122.33204999999998), (47.66423, -122.33013), (47.6613, -122.33017000000001), (47.6603, -122.33022999999999)]"
74,P1 - North Green Lake Route,u,Untitled layer,#808080,"[(47.7014, -122.33519000000001), (47.69778, -122.33512000000002), (47.69232, -122.33511), (47.69234, -122.33808000000002), (47.69051, -122.33805), (47.69051, -122.33778), (47.68872, -122.33775999999999), (47.68864, -122.33100999999999), (47.68687, -122.331), (47.68687, -122.3304), (47.682657, -122.330355)]"
75,P1 - 53rd/54th West-East Connection,u,Untitled layer,#808080,"[(47.66708, -122.34006000000001), (47.66708, -122.33907), (47.66722, -122.33847), (47.66719, -122.332023), (47.6679, -122.32952), (47.6679, -122.32560000000001)]"
76,P1 - West Green Lake-Bagley School Connector,u,Untitled layer,#808080,"[(47.6887, -122.33774), (47.68872, -122.34179), (47.68477, -122.34177), (47.684766, -122.339346)]"
77,P2 Woodlawn Tangletown Route,u,Untitled layer,#808080,"[(47.67596, -122.32965000000002), (47.67596, -122.33145), (47.67591, -122.33146000000002), (47.67485, -122.33268000000001), (47.674290000000006, -122.33336), (47.67411, -122.33374), (47.67058, -122.33792), (47.67018, -122.33798), (47.66870000000001, -122.33799000000002), (47.66870000000001, -122.33847), (47.66577, -122.33847), (47.66577, -122.33638), (47.66212, -122.33641)]"
78,P2 - Green Lake Cycle Track--Southeast Segment,u,Untitled layer,#808080,"[(47.6784, -122.32939), (47.67844, -122.33048), (47.67842, -122.33080000000001), (47.67829, -122.33131000000002), (47.67805, -122.33178), (47.67773, -122.33208), (47.67748, -122.3322), (47.67621, -122.3326), (47.676, -122.33273), (47.67567, -122.33306000000002), (47.67532, -122.33355000000002), (47.67478, -122.33447), (47.6725, -122.33718000000002), (47.67225, -122.33764000000001), (47.67194, -122.33847), (47.67167, -122.33937), (47.6714, -122.33977), (47.67158, -122.34096999999998), (47.67129, -122.34239000000001), (47.67056, -122.3426)]"
79,Green Lake Cycle Track--Northwest Segment,u,Untitled layer,#808080,"[(47.68473000000001, -122.33927000000001), (47.68319, -122.34011), (47.68286, -122.34038), (47.68264, -122.34062), (47.68238, -122.34101), (47.68212, -122.34157999999998), (47.68169, -122.34340999999999), (47.68137, -122.34415), (47.68092000000001, -122.34415), (47.68074500000001, -122.34425700000001), (47.680438, -122.344544), (47.68008, -122.34478), (47.67931, -122.34507000000002), (47.67892, -122.34513)]"
80,Green Lake Cycle Track--Southwest Segment,u,Untitled layer,#808080,"[(47.67891, -122.345129), (47.67874900000001, -122.345161), (47.678502, -122.345204), (47.678325, -122.345239), (47.678056, -122.34530599999998), (47.677555, -122.34549700000001), (47.677427, -122.345558), (47.67729, -122.345633), (47.677182, -122.34571099999998), (47.677012, -122.34582100000002), (47.676871, -122.34591199999998), (47.676735, -122.345998), (47.676578, -122.346105), (47.676398, -122.346205), (47.676268, -122.34626599999999), (47.676127, -122.346336), (47.675975, -122.34637600000002), (47.67573, -122.34640099999999), (47.675527, -122.34633700000002), (47.675469, -122.34640600000002), (47.675383, -122.346481), (47.675271, -122.346481), (47.675188, -122.346438), (47.675072, -122.34643300000002), (47.674872, -122.346301), (47.674622, -122.346081), (47.674373, -122.34581), (47.674176, -122.345607), (47.674025, -122.345376), (47.673801, -122.345071), (47.673588, -122.344727), (47.673309, -122.344432), (47.673053, -122.344228), (47.672547, -122.34391700000002), (47.672157, -122.34375599999998), (47.67176, -122.343676), (47.671464, -122.34363800000001), (47.67130100000001, -122.34356300000002), (47.671164, -122.343456), (47.671008, -122.34327299999998), (47.67081, -122.34305900000001), (47.6706, -122.342689), (47.670553, -122.342592)]"
81,Tangletown-Green Lake Connector,u,Untitled layer,#808080,"[(47.667149, -122.33194700000001), (47.670532, -122.334221), (47.670849, -122.33602100000002), (47.672295, -122.33765400000001)]"
82,1st Ave Alignment,u,Untitled layer,#808080,"[(47.664959, -122.32827), (47.666012, -122.3283), (47.66637, -122.328522), (47.666458, -122.328468), (47.666519, -122.328613), (47.6679, -122.329529)]"
83,Green Lake to Link Station and Roosevelt HS,u,Untitled layer,#808080,"[(47.679042, -122.324751), (47.679258, -122.323635), (47.679497, -122.32270199999999), (47.678081, -122.321436), (47.676578, -122.320041), (47.676571, -122.31739100000001), (47.676564, -122.31568500000002), (47.676557, -122.31435500000002)]"
84,Connection to Greenwood/Phinney Ridge,u,Untitled layer,#808080,"[(47.678917, -122.34513100000001), (47.67889, -122.34559000000002), (47.6787, -122.34563), (47.67869, -122.3489), (47.67874, -122.35261000000001)]"
85,Green Lake to Zoo Connector,u,Untitled layer,#808080,"[(47.670562, -122.34260200000001), (47.670429, -122.34273100000001), (47.670355, -122.34284299999999), (47.67032, -122.34296999999998), (47.6703, -122.34309), (47.67031, -122.34321), (47.670365, -122.343348), (47.67059, -122.34368000000002), (47.67063, -122.34387000000001), (47.67057, -122.3444), (47.67064, -122.34508000000001), (47.67065000000001, -122.34609), (47.67071, -122.34627), (47.67051, -122.34667000000002), (47.67004, -122.34681), (47.66993, -122.34699), (47.66993, -122.34752000000002)]"
86,Zoo Connector,u,Untitled layer,#808080,"[(47.665929000000006, -122.35035), (47.665922, -122.350039), (47.665958, -122.34993200000001), (47.666189, -122.349942), (47.666334, -122.349921), (47.666471, -122.34985600000002), (47.666529, -122.349749), (47.666608, -122.349513), (47.666673, -122.349374), (47.66675300000001, -122.349234), (47.666818, -122.34908400000002), (47.66684, -122.348945), (47.666796000000005, -122.348837), (47.66663, -122.348719), (47.6665, -122.34856899999998), (47.66658, -122.34834399999998), (47.666572, -122.34798999999998), (47.666637, -122.34776400000001), (47.666652, -122.34757100000002), (47.668292, -122.34755), (47.669932, -122.347528), (47.671716, -122.34755), (47.671731, -122.348483), (47.671745, -122.34995299999999), (47.671738, -122.351423), (47.671492, -122.35141200000001)]"
87,Northgate Overpass Connector,u,Untitled layer,#808080,"[(47.70141000000001, -122.3352), (47.70143, -122.33386), (47.701437, -122.33292500000002), (47.702296, -122.33228099999998), (47.702275, -122.32886900000001)]"
88,Library Connection,u,Untitled layer,#808080,"[(47.67878, -122.329376), (47.67905, -122.329498), (47.67934, -122.3293), (47.67976, -122.32919300000002), (47.6805, -122.32914000000001), (47.68122100000001, -122.328979), (47.681278, -122.32882700000002), (47.681198, -122.328102), (47.681519, -122.32762900000002)]"
89,1st Ave Alignment,u,Untitled layer,#808080,"[(47.660286, -122.328308), (47.664963, -122.328255)]"
90,Light Rail Connector,u,Untitled layer,#808080,"[(47.67443, -122.32822999999999), (47.67434, -122.32173), (47.67444, -122.32156), (47.6747, -122.32147), (47.674902, -122.32080100000002), (47.674187, -122.320125), (47.67415, -122.31434000000002)]"
91,East Green Lake to U District,u,Untitled layer,#808080,"[(47.6759, -122.32807), (47.67586, -122.32228), (47.67335, -122.32006000000001)]"
92,50th Street Connection to University District,u,Untitled layer,#808080,"[(47.6679, -122.325595), (47.667201, -122.325599), (47.666464, -122.32562000000001), (47.665734, -122.32562000000001), (47.66498, -122.32562999999999), (47.66494, -122.32068)]"
93,Connection to North Interurban Route,u,Untitled layer,#808080,"[(47.701415, -122.33526), (47.70141000000001, -122.34192), (47.70144, -122.35058000000001)]"
94,Woodland Park to 53rd St,u,Untitled layer,#808080,"[(47.67033, -122.34289), (47.66863, -122.34289), (47.66832, -122.3426), (47.66768, -122.34241000000002), (47.66753, -122.34223000000001), (47.667537, -122.34038100000001), (47.66707, -122.34038), (47.66707, -122.34005000000002)]"
95,Woodland Park Ave to Woodland Park,u,Untitled layer,#808080,"[(47.66815, -122.34258), (47.66721, -122.34279), (47.66681, -122.343), (47.66661, -122.34322999999999), (47.66651, -122.34345), (47.66636, -122.34351000000001), (47.66582, -122.34420000000001), (47.665561, -122.344447), (47.6653, -122.34456000000002), (47.66505, -122.34455)]"
96,Maple Leaf Connector,u,Untitled layer,#808080,"[(47.69413300000001, -122.335103), (47.694129, -122.333795), (47.69379, -122.333778), (47.69379, -122.33235200000001), (47.693779, -122.33111200000002), (47.69466, -122.331102), (47.695917, -122.33111200000002), (47.695895, -122.328435)]"
97,N 90th St Connector to Greenwood Greenway,u,Untitled layer,#808080,"[(47.694137, -122.33509399999998), (47.694144, -122.336467), (47.694151, -122.337819), (47.69418, -122.33917100000001), (47.694173, -122.339986), (47.694194, -122.340265), (47.694173, -122.341338), (47.694187, -122.341874), (47.694187, -122.34238900000001), (47.69418, -122.343484), (47.694209, -122.34456699999998), (47.694202, -122.347249), (47.694216, -122.349921)]"
98,Connector to Phinney/Greenwood Greenways,u,Untitled layer,#808080,"[(47.684777000000004, -122.34176500000001), (47.68479, -122.34986), (47.68479, -122.34976000000002)]"
99,P-1 12th Ave NE,u,Untitled layer,#808080,"[(47.654659, -122.315637), (47.65538, -122.31555000000002), (47.6621, -122.31542), (47.66262, -122.31524999999999), (47.6715, -122.31519000000002)]"
100,Cycletrack on NE 47th St,u,Untitled layer,#808080,"[(47.66313, -122.32077), (47.663104, -122.30444)]"
101,P-2 Greenway NE 55th St,u,Untitled layer,#808080,"[(47.67333500000001, -122.320129), (47.668581, -122.320107), (47.668509, -122.30650300000002), (47.667974, -122.30650300000002), (47.667988, -122.30373500000002)]"
102,P-2 Brooklyn Ave NE,u,Untitled layer,#808080,"[(47.671276, -122.31520200000001), (47.671261, -122.31419399999999), (47.672179, -122.31419399999999), (47.673364, -122.314344)]"
103,P-2 Greenway NE 43rd St,u,Untitled layer,#808080,"[(47.659795, -122.311932), (47.659867, -122.31772499999998)]"
104,P-2 9th Ave NE,u,Untitled layer,#808080,"[(47.663152, -122.31838), (47.668557, -122.31838)]"
105,Cycletrack on 22nd Ave NE,u,Untitled layer,#808080,"[(47.663070000000005, -122.304479), (47.662420000000004, -122.304479), (47.662174, -122.30435), (47.662854, -122.304007), (47.663562, -122.303964), (47.664776, -122.304415), (47.665729, -122.30456500000001), (47.666351, -122.30437200000001), (47.667319, -122.304415), (47.667637, -122.30443600000001), (47.66781, -122.30426400000002), (47.667969, -122.303771), (47.668128, -122.302934), (47.666252, -122.301176), (47.666173, -122.30101500000002)]"
106,P-2 21 Ave NE,u,Untitled layer,#808080,"[(47.662162, -122.304416), (47.661331, -122.304813), (47.661288, -122.305489), (47.663066, -122.30546800000002)]"
107,8th Ave NE,u,Untitled layer,#808080,"[(47.661336000000006, -122.32222400000002), (47.661302, -122.319539), (47.663152, -122.319582)]"
108,P-2 Montlake Bridge to UW Medical Center,u,Untitled layer,#808080,"[(47.64708000000001, -122.30464), (47.64788, -122.30469), (47.64794, -122.30576), (47.649229, -122.308688), (47.649836, -122.30967500000001), (47.650414, -122.310748), (47.650819, -122.31212100000002), (47.650906, -122.312851), (47.651542, -122.313623), (47.652235, -122.313495), (47.652611, -122.312851), (47.653189, -122.312336), (47.65316, -122.31225000000002)]"
109,P-2 Ravenna Park ravine trail,u,Untitled layer,#808080,"[(47.672304, -122.31403799999998), (47.672535, -122.31318), (47.673113, -122.312922), (47.673518, -122.310605), (47.671726, -122.30742900000001), (47.672073, -122.305026), (47.67057, -122.30202200000001), (47.669241, -122.30159299999998), (47.668489, -122.302709), (47.668085, -122.302966)]"
110,P-2 Greenway NE 40th to U-Bridge,u,Untitled layer,#808080,"[(47.655348, -122.31190000000001), (47.655377, -122.318251), (47.653758, -122.31949599999999)]"
111,Lid over I-5,u,Untitled layer,#808080,"[(47.664882, -122.321563), (47.661413, -122.321734)]"
112,17th Avenue NE,u,Untitled layer,#808080,"[(47.670127, -122.30967500000001), (47.660618, -122.309589), (47.660618, -122.30954600000001)]"
113,20th Avenue Cycletrack,u,Untitled layer,#808080,"[(47.670792, -122.30645699999998), (47.66093, -122.30648999999998)]"
114,Cycletrack on NE 50th Street,u,Untitled layer,#808080,"[(47.664983, -122.323151), (47.66486, -122.30648999999998), (47.66486, -122.30654000000001)]"
115,P1 - Bike Trail and Greenway,u,Untitled layer,#808080,"[(47.70221, -122.32721700000002), (47.701358, -122.327195), (47.701386, -122.32851700000002), (47.69589, -122.32843), (47.69046, -122.32836), (47.69029, -122.30950000000001), (47.69122, -122.30951), (47.69121, -122.30693), (47.69118, -122.30689)]"
116,Separarted Bike Path,u,Untitled layer,#808080,"[(47.702224, -122.32720599999999), (47.701372, -122.327228), (47.70138, -122.32850999999998), (47.69604, -122.32845)]"
117,8th Ave Greenway,u,Untitled layer,#808080,"[(47.708722, -122.32057600000002), (47.69887, -122.32031), (47.68523, -122.32023), (47.685210000000005, -122.32018)]"
118,Northern Route,u,Untitled layer,#808080,"[(47.703155, -122.32726099999998), (47.703127, -122.32044199999999), (47.707635, -122.320539), (47.707621, -122.320314), (47.707607, -122.31955200000002), (47.707578, -122.319455), (47.707545, -122.31835), (47.707599, -122.318323), (47.707614, -122.317851), (47.70765000000001, -122.31784), (47.70758, -122.31752000000002), (47.70724, -122.31678), (47.70711, -122.31546000000002), (47.70681, -122.31539), (47.70674, -122.31522000000001), (47.70666, -122.30807), (47.70646, -122.3081), (47.70666, -122.30807), (47.70662, -122.30433), (47.7103, -122.30437), (47.71026, -122.30256), (47.7112, -122.30169), (47.71205, -122.30172999999999)]"
119,39th Ave Greenway: In Progress,u,Untitled layer,#808080,"[(47.666649, -122.285683), (47.666759, -122.285599), (47.66687, -122.28572100000001), (47.675781, -122.285812), (47.675789, -122.28594999999999), (47.679409, -122.28603399999999), (47.679508, -122.28607899999999), (47.68124, -122.28614800000001), (47.681259, -122.28639999999999), (47.683048, -122.28643800000002), (47.683048, -122.28624000000002), (47.686481, -122.28634600000001)]"
120,P1 68th St Greenway,u,Untitled layer,#808080,"[(47.67762, -122.28620100000002), (47.677589, -122.298172)]"
121,P1 62nd Ave Greenway,u,Untitled layer,#808080,"[(47.672661, -122.305161), (47.67263, -122.30596900000002), (47.672649, -122.30648), (47.672649, -122.306557), (47.673809, -122.309776), (47.673969, -122.31041000000002), (47.673981, -122.31192000000001), (47.67334, -122.31432299999999), (47.67334, -122.316872), (47.67334, -122.319267)]"
122,Brooklyn Ave Greenway,u,Untitled layer,#808080,"[(47.667671, -122.315193), (47.671261, -122.31517800000002), (47.67128, -122.314293), (47.671249, -122.314171), (47.67215, -122.31417800000001), (47.673759, -122.314339), (47.67654000000001, -122.314339)]"
123,27th Ave Greenway,u,Untitled layer,#808080,"[(47.666382, -122.2985), (47.675781, -122.298538), (47.675781, -122.29840099999998), (47.680691, -122.298531), (47.680698, -122.298843), (47.680759, -122.299156), (47.68096200000001, -122.29962900000001), (47.683891, -122.299698)]"
124,36th Ave Greenway,u,Untitled layer,#808080,"[(47.677872, -122.289268), (47.680351, -122.289337)]"
125,45th Ave Greenway,u,Untitled layer,#808080,"[(47.668652, -122.27948800000001), (47.66946, -122.27944900000001), (47.675789, -122.27953300000001), (47.686371, -122.279846)]"
126,44th Ave Greenway,u,Untitled layer,#808080,"[(47.666759, -122.281326), (47.666969, -122.281189), (47.666779, -122.280777), (47.666592, -122.28035000000001), (47.666439, -122.280121), (47.66626, -122.280052), (47.66552, -122.280083), (47.665131, -122.28044899999999), (47.665039, -122.28047900000001), (47.663139, -122.280457), (47.663109, -122.280411), (47.663101, -122.279381), (47.661419, -122.279358)]"
127,50th St Greenway,u,Untitled layer,#808080,"[(47.664902, -122.285858), (47.664879, -122.28315000000002)]"
128,80th St Greenway,u,Untitled layer,#808080,"[(47.686649, -122.27993000000001), (47.686649, -122.284248), (47.686691, -122.286339), (47.686661, -122.29489900000002)]"
129,62nd St Greenway,u,Untitled layer,#808080,"[(47.673969, -122.298172), (47.673988, -122.286407)]"
130,32nd Ave Greenway,u,Untitled layer,#808080,"[(47.683331, -122.29477700000001), (47.687401, -122.294937), (47.688412, -122.29493000000001), (47.68882, -122.29499800000002), (47.690231, -122.295036), (47.690231, -122.293404), (47.693932, -122.293373), (47.696571, -122.29326600000002), (47.69841, -122.29326600000002), (47.700218, -122.29338100000001), (47.70113, -122.29338100000001), (47.70114900000001, -122.29412800000001), (47.70459, -122.29409)]"
131,36th Ave Greenway,u,Untitled layer,#808080,"[(47.683331, -122.289421), (47.687832, -122.289574), (47.688389, -122.289452), (47.688438, -122.289337), (47.688492, -122.28936000000002), (47.688511, -122.28943599999998), (47.68935, -122.289452), (47.689999, -122.289268)]"
132,Squiggly Greenway,u,Untitled layer,#808080,"[(47.683102, -122.26899), (47.68338, -122.268951), (47.683498, -122.26879100000001), (47.68355900000001, -122.26863100000001), (47.68355900000001, -122.268387), (47.683441, -122.268143), (47.683331, -122.26802799999999), (47.682961, -122.268044), (47.68272, -122.268127), (47.682308, -122.26801300000001), (47.68063, -122.26798200000002), (47.68055, -122.267906), (47.680462, -122.267609), (47.681122, -122.26702899999998), (47.682621, -122.267021), (47.6828, -122.26696), (47.682949, -122.266724), (47.682968, -122.26650200000002), (47.682941, -122.266342), (47.682861, -122.266151), (47.68277, -122.26606), (47.680988, -122.26576199999998), (47.67966100000001, -122.265961)]"
133,32nd Ave Greenway,u,Untitled layer,#808080,"[(47.668709, -122.291443), (47.67215, -122.29141999999999), (47.67215, -122.29219799999998), (47.673969, -122.29219799999998), (47.673969, -122.29322799999998), (47.675781, -122.29325100000001), (47.675781, -122.292992), (47.679409, -122.29306799999999), (47.679409, -122.29251900000001), (47.682751, -122.29260300000001)]"
134,58th St Greenway,u,Untitled layer,#808080,"[(47.669571000000005, -122.30390900000002), (47.669628, -122.30387100000002), (47.66996, -122.30390900000002), (47.670109, -122.30412300000002), (47.670589, -122.30605300000002)]"
135,68th St Greenway extension,u,Untitled layer,#808080,"[(47.677639, -122.285561), (47.677639, -122.27993800000002)]"
136,24th Ave Greenway,u,Untitled layer,#808080,"[(47.677959, -122.301712), (47.686668, -122.301918), (47.68668000000001, -122.301224)]"
137,68th St greenway extension #2,u,Untitled layer,#808080,"[(47.677639, -122.29882000000002), (47.677639, -122.31143199999998)]"
138,60th St Greenway,u,Untitled layer,#808080,"[(47.6721, -122.302711), (47.67207, -122.30172), (47.67215, -122.30152099999998), (47.67215, -122.29869100000002)]"
139,20th Ave Greenway,u,Untitled layer,#808080,"[(47.66946, -122.30649599999998), (47.67556, -122.30645800000002)]"
140,70th St cycletrack,u,Untitled layer,#808080,"[(47.67944, -122.26576199999998), (47.679371, -122.26563299999998), (47.679359000000005, -122.26371000000002)]"
141,75th St cycletrack #1,u,Untitled layer,#808080,"[(47.683048, -122.29453300000002), (47.683048, -122.29271700000001)]"
142,Ravenna Park Bridge,u,Untitled layer,#808080,"[(47.672699, -122.303879), (47.672611, -122.303284), (47.67203500000001, -122.30293999999999), (47.672005, -122.30289499999999)]"
143,75th St cycletrack #2,u,Untitled layer,#808080,"[(47.683048, -122.28907799999999), (47.683022, -122.27874000000001), (47.683029, -122.27523), (47.68306, -122.27451300000001), (47.683029, -122.27372000000001), (47.683022, -122.26937900000001)]"
144,15th Ave cycletrack #1,u,Untitled layer,#808080,"[(47.67649800000001, -122.31197400000002), (47.677670000000006, -122.311989)]"
145,P1 SR2S 23rd/22nd Ave Greenway,u,Untitled layer,#808080,"[(47.64343, -122.30375), (47.63952, -122.30381), (47.63932, -122.30339), (47.6378, -122.30287), (47.63678, -122.30224999999999), (47.635567, -122.30229400000002)]"
146,P1 Portage Bay Trail on SR520,u,Untitled layer,#808080,"[(47.644632, -122.30353799999999), (47.64324, -122.30986), (47.64321, -122.31295000000001), (47.64269, -122.32027)]"
147,Second Bascule Montlake Cut Bridge,u,Untitled layer,#808080,"[(47.650689, -122.305534), (47.648159, -122.30394600000001), (47.647017, -122.303882), (47.644617000000004, -122.30351700000001)]"
148,Path under I-5 and Lid ,u,Untitled layer,#808080,"[(47.642666000000006, -122.32061900000001), (47.64307, -122.32392)]"
149,Federal to 520 trail connector,u,Untitled layer,#808080,"[(47.642, -122.31897), (47.642767, -122.318945)]"
150,520 Underpass Bill Dawson trail,u,Untitled layer,#808080,"[(47.64214, -122.3139), (47.64104, -122.3124), (47.64103, -122.30798), (47.64179, -122.30752), (47.64247, -122.307), (47.64393, -122.30669000000002), (47.64441, -122.30529), (47.64458, -122.30497000000001), (47.645709, -122.304912), (47.64666, -122.30473), (47.64693, -122.30461000000001), (47.64755, -122.30459), (47.64784, -122.3048)]"
151,East Access to Interlaken Park,u,Untitled layer,#808080,"[(47.63168, -122.29708000000001), (47.631612, -122.29768000000001), (47.63253, -122.297691), (47.633325, -122.29871000000001), (47.633289, -122.299826), (47.63365100000001, -122.30055600000001), (47.634526, -122.300963), (47.634576, -122.30196100000002), (47.63575, -122.30379)]"
152,W access Interlaken Park,u,Untitled layer,#808080,"[(47.63715, -122.30887000000001), (47.63736, -122.30965400000001), (47.636492, -122.310791), (47.636897, -122.311285), (47.638054, -122.310941), (47.638762, -122.31154200000002), (47.638603, -122.31276499999998), (47.638979, -122.31403100000001), (47.640063, -122.315297), (47.641625000000005, -122.316005), (47.641979, -122.317078)]"
153,Interlaken Blvd Bike & ped only,u,Untitled layer,#808080,"[(47.63711700000001, -122.308854), (47.63633, -122.30855), (47.635690000000004, -122.30864), (47.63584, -122.30821), (47.63644, -122.30750000000002), (47.63598, -122.30656), (47.63595, -122.30585), (47.63579, -122.30566000000002), (47.63543000000001, -122.3057), (47.63532, -122.30542000000001), (47.63604, -122.30441), (47.63587, -122.30387999999999)]"
154,Seattle Prep parking Access lot and public trail concept,u,Untitled layer,#808080,"[(47.64197000000001, -122.31632), (47.64215, -122.31704), (47.64265, -122.31747), (47.6424, -122.31649000000002), (47.64275000000001, -122.3169), (47.642579000000005, -122.31623899999998), (47.643318, -122.316673), (47.643318, -122.31667000000002)]"
155,Capitol Hill Delmar lid to 13th connector bike ped path,u,Untitled layer,#808080,"[(47.642217, -122.317491), (47.641758, -122.31688999999999), (47.641542, -122.31611799999999), (47.640826, -122.31604300000001), (47.640822, -122.31603700000001)]"
156,Existing connector path Interlaken to 13th,u,Untitled layer,#808080,"[(47.639955, -122.31515199999998), (47.639814, -122.315222), (47.639843, -122.31551700000001), (47.640049, -122.31571600000001), (47.640291, -122.315721), (47.640548, -122.315785), (47.640696, -122.315946), (47.640768, -122.316032), (47.640764, -122.316032)]"
157,Boyer to Interlaken Connector,u,Untitled layer,#808080,"[(47.63717, -122.30882), (47.637931, -122.30729300000002), (47.638668, -122.30724000000001)]"
158,Blaine-19th AveE Greenway route,u,Untitled layer,#808080,"[(47.6359, -122.30293999999999), (47.63656, -122.30292), (47.63874, -122.30730000000001), (47.639564, -122.307304), (47.639564, -122.30897800000001), (47.64097400000001, -122.308956), (47.64101, -122.30799000000002)]"
159,N end of the 23rd/22nd/Montlake Blvd Greenway,u,Untitled layer,#808080,"[(47.643576, -122.303882), (47.64427, -122.304536), (47.645123, -122.30490099999999), (47.646294, -122.304794), (47.64666, -122.30473), (47.64766, -122.30459), (47.647841, -122.30464299999998)]"
160,SR520 Connector bikeway,u,Untitled layer,#808080,"[(47.637172, -122.32237800000001), (47.628264, -122.327142), (47.627773, -122.32903), (47.623087, -122.32924499999999)]"
161,Capitol Hill Greenway and commuting route,u,Untitled layer,#808080,"[(47.64191, -122.31897999999998), (47.62877, -122.31911700000002)]"
162,Commuting and Greenway route,u,Untitled layer,#808080,"[(47.63566, -122.30376000000001), (47.632357, -122.30351700000001), (47.626905, -122.303495)]"
163,N end major bicycle commuting and recreational route,u,Untitled layer,#808080,"[(47.647834, -122.304515), (47.647306, -122.30444), (47.646504, -122.30454699999999), (47.645543, -122.30442900000001), (47.645514, -122.302068), (47.64509, -122.30206999999999)]"
164,25th 26th ave Commuting and recreational route,u,Untitled layer,#808080,"[(47.64499, -122.30205), (47.64385, -122.30203000000002), (47.64376, -122.30214), (47.6435, -122.30214), (47.64349, -122.30117), (47.64312, -122.30112999999999), (47.64315, -122.30021000000002), (47.64135, -122.300363), (47.63952, -122.30032), (47.63948, -122.29935), (47.63375, -122.29950000000001), (47.63323, -122.29998999999998), (47.63229, -122.29967000000002), (47.63225, -122.29912999999999), (47.63215, -122.29900000000002), (47.62959, -122.29898000000001), (47.62884, -122.29701000000001), (47.62809, -122.29675), (47.62739, -122.29637), (47.62667, -122.29506), (47.62525, -122.29510000000002), (47.62512, -122.29551000000001), (47.6243, -122.29521)]"
165,Interlaken Park Staircase,u,Untitled layer,#808080,"[(47.635769, -122.302755), (47.635914, -122.303109), (47.635791, -122.30364600000001), (47.635791, -122.303635)]"
166,26th to Interlaken connection,u,Untitled layer,#808080,"[(47.633181, -122.300051), (47.633405, -122.30018), (47.633412, -122.30018)]"
167,Azalea Way promenade,u,Untitled layer,#808080,"[(47.63999, -122.29534), (47.63864, -122.29643), (47.63587, -122.29650000000001), (47.63430000000001, -122.29667000000002), (47.6324, -122.295663), (47.631851, -122.29605000000001), (47.631706, -122.297165), (47.631692, -122.297165)]"
168,East-West Greenway,u,Untitled layer,#808080,"[(47.63951, -122.29864000000002), (47.63952, -122.30033999999999), (47.64023, -122.3003), (47.640302, -122.30729300000002), (47.639593, -122.30735799999998)]"
169,Line 31,u,Untitled layer,#808080,"[(47.64761, -122.306693), (47.647523, -122.303131), (47.647798, -122.302959), (47.647769, -122.30293799999998)]"
170,Gerry Conley's bikeway SR520 connector,u,Untitled layer,#808080,"[(47.64268, -122.31905199999999), (47.642333, -122.32044700000002), (47.642145000000006, -122.32119800000001), (47.641625000000005, -122.32194899999999), (47.64075700000001, -122.322292), (47.638097, -122.322464), (47.637229, -122.32244300000002), (47.637201, -122.322421)]"
171,Line 38,u,Untitled layer,#808080,"[(47.63241, -122.30719), (47.633181, -122.305984), (47.634222, -122.305984), (47.63493, -122.30510500000001), (47.63467, -122.30444), (47.63576, -122.30367000000001)]"
172,P1 38th Ave Greenway,u,Untitled layer,#808080,"[(47.71919, -122.28733999999999), (47.71551, -122.28729), (47.71371, -122.28722), (47.71374, -122.28791000000001), (47.70831, -122.2881), (47.70833, -122.28671), (47.70479000000001, -122.2868), (47.704744, -122.286801)]"
173,P-1 37th Ave Greenway,u,Untitled layer,#808080,"[(47.73375, -122.28838999999999), (47.726399, -122.288196), (47.726414, -122.288636), (47.719305000000006, -122.288539)]"
174,Needed Crossing Treatment,u,Untitled layer,#808080,"[(47.71924, -122.287359), (47.719247, -122.28854999999999)]"
175,Line 4,u,Untitled layer,#808080,"[(47.71205, -122.29973), (47.712027000000006, -122.29475299999999), (47.711979, -122.29067800000001), (47.711949, -122.28800299999999)]"
176,P1 - 27th Ave Greenway,u,Untitled layer,#808080,"[(47.730116, -122.299161), (47.73014, -122.29918000000002), (47.72111, -122.29908)]"
177,Lake City to Olympic Hills,u,Untitled layer,#808080,"[(47.72263900000001, -122.29096900000002), (47.72289, -122.29318), (47.72298, -122.30725), (47.72307, -122.30786), (47.72323, -122.30829000000001), (47.72366, -122.30908999999998), (47.7266, -122.30907), (47.72662, -122.30994), (47.73391, -122.31005999999998)]"
178,Line 12,u,Untitled layer,#808080,"[(47.72298, -122.28860000000002), (47.72297, -122.29081999999998), (47.72274, -122.29083)]"
179,33rd Ave Greenway,u,Untitled layer,#808080,"[(47.71737, -122.292767), (47.720207, -122.29271300000002), (47.72248, -122.29208000000001), (47.72277, -122.29198)]"
180,Meadowbrook to the Burke,u,Untitled layer,#808080,"[(47.70476, -122.28673999999998), (47.7046, -122.28170999999999), (47.704181, -122.28076100000001), (47.703581, -122.280171), (47.701825, -122.28005300000001), (47.700108, -122.280042), (47.696664, -122.28001000000002), (47.696549, -122.278529), (47.696188, -122.278036), (47.696103, -122.277896)]"
181,32nd Ave Greenway,u,Untitled layer,#808080,"[(47.73369, -122.29376), (47.730156, -122.293847), (47.730157, -122.293694), (47.72656, -122.29358)]"
182,Climbable route from the Burke,u,Untitled layer,#808080,"[(47.717375, -122.283964), (47.71556, -122.28386), (47.71376, -122.28384), (47.71111, -122.28266), (47.70859, -122.28146), (47.70914, -122.27892), (47.7046, -122.27677999999999), (47.70457, -122.27646), (47.70111, -122.27646), (47.70112, -122.27357999999998)]"
183,meadowbrook to Victory Heights,u,Untitled layer,#808080,"[(47.7012, -122.30281), (47.70118, -122.30585), (47.70208, -122.30582000000001), (47.70211, -122.30698), (47.70483, -122.30703000000001), (47.70497, -122.30723000000002), (47.70588, -122.30737), (47.70645, -122.30809), (47.70665000000001, -122.30812), (47.70668, -122.31244000000001)]"
184,Line 17,u,Untitled layer,#808080,"[(47.702106, -122.30699300000002)]"
185,Line 19,u,Untitled layer,#808080,"[(47.723188, -122.30830599999999), (47.723217, -122.30830599999999), (47.721787, -122.309357), (47.721398, -122.309078), (47.71943400000001, -122.309099), (47.71937, -122.30998), (47.71853, -122.30994), (47.71466, -122.31226000000001)]"
186,Cycletrack on Pinehurst ,u,Untitled layer,#808080,"[(47.714636, -122.312267), (47.71401, -122.31269), (47.7109, -122.31701000000001), (47.7103, -122.31772), (47.70998, -122.31784), (47.70861, -122.31784999999999)]"
187,Line 21,u,Untitled layer,#808080,"[(47.721095, -122.299195), (47.721118, -122.30186200000001)]"
188,Line 24,u,Untitled layer,#808080,"[(47.721022, -122.301855), (47.720155, -122.30181100000001), (47.719302, -122.301876), (47.719297, -122.301876), (47.719307, -122.301876)]"
189,Line 21,u,Untitled layer,#808080,"[(47.73025, -122.29918000000002), (47.73026, -122.30194000000002), (47.733902, -122.30196700000002)]"
190,Line 21,u,Untitled layer,#808080,"[(47.71732, -122.29128), (47.717392, -122.283078), (47.717233, -122.282381), (47.717601, -122.280375), (47.716886, -122.27932299999999), (47.71586, -122.2793), (47.7156, -122.27891), (47.71586, -122.27811000000001)]"
191,To and from LC Core,u,Untitled layer,#808080,"[(47.717341, -122.29145899999999), (47.717392, -122.29521500000001), (47.718843, -122.29513900000002), (47.718965, -122.29527899999998), (47.718944, -122.29527899999998), (47.718936, -122.295268)]"
192,Line 23,u,Untitled layer,#808080,"[(47.704751, -122.28695499999999), (47.704823, -122.29744800000002)]"
